"age","catch","lake","logcatch"
1,433,"A",6.07073772800249
2,818,"A",6.70686233660275
3,243,"A",5.49306144334055
4,67,"A",4.20469261939097
5,48,"A",3.87120101090789
6,5,"A",1.6094379124341
7,30,"A",3.40119738166216
8,42,"A",3.73766961828337
9,22,"A",3.09104245335832
1,305,"B",5.72031177660741
2,491,"B",6.19644412779452
3,155,"B",5.04342511691925
4,100,"B",4.60517018598809
5,30,"B",3.40119738166216
6,49,"B",3.89182029811063
7,16,"B",2.77258872223978
8,6,"B",1.79175946922805
